,time,value
0,1479476965254.0,0.8621856451085858
1,1479477030525.0,0.8384412288964347
2,1479477165872.0,0.8601773935298866
3,1479477250351.0,0.7500494038793949
4,1479477414594.0,0.8191047535329701
5,1479477736424.0,0.9557237233478556
6,1479492058989.0,0.8581757336867657
