,time,value
0,1479573555692.0,1.6218981592023016
1,1479574217346.0,0.9061518595483096
2,1479575142155.0,0.9326052779236657
3,1479578366131.0,0.8664305652234112
4,1479584822623.0,1.3995010086298711
