,time,value
0,1480793250899.0,1.2650472275990594
1,1480793333221.0,0.8559553186004392
2,1480793407478.0,0.8614464771936603
3,1480793507781.0,0.8706713736612046
4,1480797181557.0,0.8693335379405762
5,1480798769881.0,0.8719637334804641
6,1480802707742.0,0.8495932438077889
7,1480804511609.0,0.9134171735961002
8,1480808436263.0,0.5248411629931641
