,time,value
0,1477151816884.0,1.436144795926289
1,1477151870209.0,0.7894757755965714
2,1477151949043.0,0.671073722527924
3,1477153232685.0,0.8819400414446475
4,1477163514490.0,1.940428273796893
5,1477165667259.0,0.7765417127028509
