,time,value
0,1477930962322.0,1.348847190276488
1,1477931532607.0,0.8660452599454467
2,1477931652191.0,0.8482486562076643
3,1477934571977.0,0.9468467074058792
4,1477938782567.0,0.872422610427185
5,1477944838462.0,1.244755204648939
