,LinearAcc,Manipulation,WristRoll,WristRollRegularity
0,0.8979678078298484,312.0985385475267,27.328700013217485,0.75
1,0.0,0.0,0.0,0.0
