,time,value
0,2803,16.025837056802935
1,58491,20.2674022203297
2,82264,15.575626926536119
3,83531,5.953180340810829
4,108128,25.632887798440645
5,136721,12.456112674689324
6,189555,25.140186464531602
7,347156,3.1461061635465595
8,382602,15.476083135954866
