,time,value
0,1488729384215.0,0.7906947254756679
1,1488729431620.0,0.7441218526379884
2,1488729710913.0,0.8291845077138141
3,1488730577454.0,0.8362691521294794
4,1488731488399.0,0.7871794505144727
5,1488732289542.0,0.8432414587724487
