,LinearAcc,Manipulation,WristRoll,WristRollRegularity
0,1.053385036,1417.514397,44.30921075,0.889807163
1,1.150156558,504.6287049,13.98836841,0.35447263
2,0.589408017,1680.178889,13.05923372,0.464459812
3,1.177607192,302.512242,7.67844448,0.216444363
4,1.074864251,198.5963304,3.307364005,0.087603421
5,1.293991155,60.86700852,2.427744676,0.03612791
