,time,value
0,1488729384023.0,0.7889741485117153
1,1488729431517.0,0.7350892308320404
2,1488730577356.0,0.8349617636157752
3,1488731487981.0,0.7865556382446386
4,1488732289322.0,0.8429209485756073
