,LinearAcc,Manipulation,WristRoll,WristRollRegularity
0,1.2851791719328718,202.0719944387567,3.6408339188195704,0.10099403578528827
1,1.2368004940827757,506.8365999565087,12.728574194308512,0.21282279608192342
2,0.9352937213984828,584.7954563213714,10.405832569562017,0.3476298562452712
3,0.7671654946699968,461.7329552531442,8.33958430829934,0.2989062659715834
4,0.9981223473315037,596.743046656831,8.396223704959176,0.24505235355155172
5,0.0,0.0,0.0,0.0
