,time,value
0,1480871356060.0,0.8194780751790256
1,1480871464966.0,1.0670293527647492
2,1480876377947.0,0.8621388535514128
3,1480879542044.0,1.379331287838241
4,1480885144457.0,0.508683583577464
