,time,value
0,1480871356541.0,0.8220666369714175
1,1480871465764.0,1.0128888905375062
2,1480876378440.0,0.8580670706993536
3,1480879542848.0,1.2784399713120254
4,1480885145044.0,0.5094272729044098
