,LinearAcc,Manipulation,WristRoll,WristRollRegularity
0,1.1217578027150403,1078.0488610511366,19.516811791701677,0.43078112915699923
1,1.0522924603285795,384.4676274361293,13.924145887468196,0.26425384234010907
2,1.1222639499253393,626.7618386480942,12.714348516467599,0.3401913875598086
3,0.9134953326277206,269.34114589492816,6.415631551572551,0.2100421617477961
4,1.1883064664533813,339.9864546046147,7.745988837611425,0.22905578553124384
5,0.7196599193651972,730.9516992130328,17.16738845225561,0.565864949179833
6,1.1432809487827793,429.91464297542353,7.741041758771691,0.21895323779244497
7,0.0,0.0,0.0,0.0
