,LinearAcc,Manipulation,WristRoll,WristRollRegularity
0,0.8607113319583373,232.01175731645694,8.432017148105192,0.18872328963907345
1,0.9146620140175684,632.1767380224708,15.643555744081791,0.4932700308354951
2,0.9967591818805269,228.16473313896964,8.480896067373166,0.266577970730341
3,1.0432737619972199,585.1268445307054,6.864198480507736,0.20273826743812276
4,1.012356243111287,286.200535426179,5.871201746189657,0.16754940314976427
5,0.0,0.0,0.0,0.0
