,LinearAcc,Manipulation,WristRoll,WristRollRegularity
0,1.2745829559566912,208.2164768846401,3.5754050863417963,0.10197628458498023
1,1.229525992007582,938.3312883123562,13.225245509782779,0.20745782775969224
2,0.9350313641206841,473.9452265968013,9.885339959007627,0.32948646247985
3,0.7671198225544632,548.1190041596797,7.508352249775968,0.2518499591169256
4,0.9969099047045376,544.740103933011,7.931276374201848,0.2277369692090964
5,0.0,0.0,0.0,0.0
