,LinearAcc,Manipulation,WristRoll,WristRollRegularity
0,1.042940717601495,269.79382066980423,10.06958587385828,0.37850467289719625
1,1.1117949900753636,694.9152781559409,14.540035358531913,0.4463961235614779
2,0.996382564162061,481.778486986056,14.05528102281643,0.4284542845428454
3,0.9346898803466664,328.2908744398832,8.602347845653957,0.26052598464829496
4,1.0586322486449053,252.97943420834235,4.991692127480322,0.14486624828644373
5,0.5421240299888394,383.1417935589929,3.7162278650131553,0.10299262729552382
6,0.0,0.0,0.0,0.0
