,LinearAcc,Manipulation,WristRoll,WristRollRegularity
0,1.0433921083020021,451.35277536960194,14.181463818244472,0.3392452830188679
1,0.87770228922003,581.1976967053133,10.856851649482223,0.35596871103049543
2,1.115555543389831,340.1648444514308,7.369602234106047,0.23
3,1.05090025006593,821.7980546634197,6.126341093281006,0.187553961612539
4,1.0398098504205346,513.983118102071,4.774410929750702,0.13862191789234501
5,1.0967059739323755,494.7775570194941,8.33785338574222,0.27365077670421184
6,0.0,0.0,0.0,0.0
