,LinearAcc,Manipulation,WristRoll,WristRollRegularity
0,1.0696497575881718,394.0767771261909,10.884269555551322,0.3518455807653234
1,1.0118733544419214,249.8676268452824,5.526916556971012,0.17740150509074812
2,0.8835933073700645,197.12793211487704,6.210700069699535,0.16435837432542147
3,0.0,0.0,0.0,0.0
