,LinearAcc,Manipulation,WristRoll,WristRollRegularity
0,1.0455979258911756,264.51135266166233,5.521913290666932,0.1616935884554659
1,0.5452818421162342,385.78098148248944,3.760885355048824,0.10513924691928297
2,0.0,0.0,0.0,0.0
