,LinearAcc,Manipulation,WristRoll,WristRollRegularity
0,1.046920401054087,259.8354804036754,5.473076016277838,0.1598111100798479
1,0.5780163440063377,439.86238616149313,4.5507434448808475,0.13219545849956504
2,0.0,0.0,0.0,0.0
