,time,value
0,355550,2.480703147908258
1,422223,0.7752325992435569
