,time,value
0,362283,1.3215210698597404
1,429393,0.7770557905904977
