,time,value
0,1478634541909.0,0.8492839916456948
1,1478634833981.0,0.8416779629333159
2,1478637271142.0,0.8444912534990698
